x1,x2,x3,y
-0.3116768267400041,-0.0331935820092113,-0.3330170079582562,0.06668597144584862
0.24809828968259917,1.0,-0.5136869408574085,11.442131852249418
0.27840439430553654,-0.5342400995539272,0.5361765908790468,-0.7197392136301328
-0.3936301313214239,-0.5964688702938012,-0.06536685623201244,1.5186350075640984
1.0,1.0,-0.6686810403487407,24.213488500330495
-0.5545228247435865,0.4412419672330312,0.5813612400509509,-1.7359313722903211
0.6957798264918889,1.0,-0.5978736821995689,12.744841288825073
-0.43270898520628376,0.6280671029706979,1.0,5.763988867187718
-0.3331734320774695,1.0,0.33139356894935146,6.547229083711532
-1.0,-0.6927717816396153,-0.6356877280291238,1.1792623134447406
0.6489628301058721,-1.0,-0.6942828708641338,-7.9893407944444315
-0.05285940526166821,0.07580392456725771,-0.26441008312212944,0.1832464950455347
-0.11267014430996425,-1.0,-0.47263598765775017,-0.11631482379642333
-1.0,0.49858583135576295,-0.5549711829138642,1.4673066085095687
0.6456312184599604,0.3821105998097645,-1.0,-1.126867081928782
0.11639371430237677,0.7675739429744,-1.0,-3.1173016089824
1.0,-0.5687477512413976,-0.2002948716191726,4.020116416441095
0.9670192623808371,-0.1007998392942886,-0.7516046643036185,4.946344618972823
-0.028779049760841557,0.3168131570344699,0.4674005335362539,0.49034709684079625
-0.7721379507238104,-0.4498082859762007,0.6449017245945499,0.6977539102642586
-0.038699003506585505,-0.1598795391352683,0.3741356217591456,0.013899324500584176
0.02132202326074406,0.14934875553172566,1.0,1.0599089115737963
0.37761032578703513,-0.7122284640326813,0.19596379895772253,1.1171120726619188
-1.0,1.0,0.3907337313905652,2.6625967824159584
-0.32845529714361876,1.0,1.0,15.484701443033966
0.3411179701408029,0.23101463288104584,0.10866430472301336,0.8029067808735277
0.6446921786998185,0.2929742950571601,-0.1076142163684497,1.369838330728695
-0.15355402887578995,-0.18679936079007953,1.0,0.3302881702071626
1.0,0.7343879100995183,0.10116929579149558,9.43044642249261
1.0,-0.09284848311798544,0.5775286357774425,6.8037332990462405
-0.8867676827098847,-0.09991870209796394,-1.0,6.739011301939318
0.9984065587457125,-0.5563502771123516,0.09600512851055454,3.087182729888586
-1.0,-0.15125442223715146,-0.23476037578679887,-3.472903696026764
1.0,-0.7438551770284543,0.12958435843511418,1.7260568913849579
1.0,0.32398020453071497,0.5973909447590513,9.98267526543135
1.0,0.047661798484043505,-0.8292200551314732,7.5439878037042485
0.11645640883297181,-0.22140153091944947,-0.16504286165840454,0.8434951350684172
0.47279649574476457,-1.0,-1.0,-21.755465636922946
0.7824184406511034,-0.46220868772807533,-0.44819398483948203,0.5544532332516867
-0.6135405389818984,-0.10964982104716725,-0.24515456516568257,-0.201842077721272
0.30807306484745656,-1.0,-0.3300069765329079,0.6429206252105706
-0.22250498164246002,0.2011288876493833,-0.7077710183284716,0.006504559397471632
-0.7475859116675407,-0.898890412952944,0.20959188545413343,4.488435211090444
-0.11765897629535638,1.0,0.6869985994216232,9.194215367010804
-1.0,-0.11372904818972218,0.20833046128009824,-4.390253302392652
-1.0,-0.6103343974124233,-0.5435955733349906,0.3962889970146758
0.4498084269928986,-0.6529787499071611,-0.1091644129939564,0.9778724693785539
-0.6945658322489732,0.6135053036165976,0.31072972471228,-2.5619838579609695
-0.30765634465993696,0.027887904788414408,0.0646835103301664,-0.10028507262464174
0.3767481253232572,0.14702447916060035,-0.1606154096078385,1.0195057629131354
-0.3303877682238252,-0.7548984112910289,-0.6952237645382304,-1.0573812734650998
1.0,1.0,-1.0,38.17102093443869
-0.8769681005029661,0.47549857734557954,0.4145390278180565,-3.2045601557035184
0.7641715134200389,-1.0,-0.20799629533831654,-3.511105302684959
0.4280367460800696,0.8517529268627773,-0.7780812394002146,3.1190617615199505
-0.06519766407947869,0.2790509277289559,-1.0,-2.9593960377582
-0.83215187369975,0.4862198577074981,0.26076351222228,-4.122889261056553
0.015203332225696808,0.18689388672279383,0.1297557973547412,0.9734006095823546
1.0,0.6903253926011796,-0.6929049106780016,8.962646033043349
-0.8905631585884761,0.487146112207425,0.55923657778105,-3.416331404104486
-0.23286146192764923,0.6641947567917632,1.0,6.0383173211479555
0.660580671396888,-1.0,-0.03791704217738423,-1.35585569497703
1.0,-0.42695116245067743,0.3103766891082007,4.719202288981208
0.5482274915230156,1.0,0.0034229786430799436,8.714563518294366
0.32236242057790854,-0.2853776106235437,0.9523032434862395,-1.9723910027281841
-0.8490398399388404,-0.055578709641652235,0.5939469411717462,-0.9740526056839052
-0.6595959754306844,-0.1974925932827205,-1.0,1.2294135593541915
1.0,-0.46706739988391477,-1.0,2.3906681966932988
-0.5601008281902595,0.2936135197747276,-1.0,-0.9732120043474575
1.0,-0.46520694569668564,-0.21576243183862975,3.9178247933507495
-0.16554147617345571,-1.0,1.0,-5.050789017744195
-0.8186499686223574,0.8647307195493346,-0.6526062725212272,1.0815720878677906
0.16700402557519967,0.2000238678173616,0.48293370905979116,1.1140107009189235
-0.26601008089526146,-0.5553693233000041,-0.4500025623381334,1.2894534802166482
0.37222549664317905,-0.45684211413037423,-0.5060290121221069,0.6989199502721296
-1.0,-1.0,1.0,22.15679236817139
-1.0,0.8636977950676459,-0.4477677403532554,6.269599466255561
0.7912872453791853,0.5035806972278027,-1.0,0.8699597770120328
-0.9510840557914213,-0.6134524049096992,1.0,9.047420144359698
-0.0919635853546068,-0.20238492813086384,-0.9206993991462438,-1.8844863499652056
-1.0,-0.04835145327550361,0.8680668133451548,-0.31074367916041346
0.11709304366243889,-0.6901976333865314,1.0,-2.5193714795856943
0.9437208827190815,1.0,1.0,21.485881446013856
0.23320355054420272,0.40196387390777133,-0.31252491460864085,0.9054849494169764
-0.3131761654884382,-0.12350741548958477,0.08502402887283567,-0.47922050825126583
0.013362322002505866,-0.3882904048827107,1.0,-1.633875209385757
-0.5095274672914036,-0.9407985237814538,0.4401636790154484,3.2877985261059646
0.15667974093917403,-0.3800937761311418,-0.6371587843983959,1.076638692566205
0.45605799648284173,0.11875231380546003,-0.3026715378675371,0.9274219642674262
0.10795363455374685,-0.10634544920552802,-1.0,-3.4252042843179797
0.21806645240377387,0.31973407719326286,0.6773589465824117,0.8290901113628473
0.831368261715778,-0.5581811253022453,-0.08928644826119214,1.3421812211214816
1.0,-1.0,-0.12599635368561768,-9.178501659432712
-0.5197456607512996,0.320156754989418,-0.4293130493379633,-1.2834673494685984
0.8272697554082902,0.06903779687216605,0.002818769452713754,1.866391646898153
0.1685892019274844,-1.0,-1.0,-18.473921254213945
1.0,0.9419081310891473,-0.039842181690282086,12.165066557554415
-1.0,0.05107881733744035,-0.47403729354110946,-2.5127616721013326
0.3699564645411084,-0.49620294269520415,-1.0,-6.2694421251224695
0.294143310639319,1.0,-0.689610128157478,10.770762821511983
-0.19177359664982063,-0.16554019541288012,1.0,0.1799083945401657
-1.0,-0.6780612526052945,-0.9439551892787414,3.7418830243655705
0.5442877321522595,0.631915982477385,1.0,5.649360108494693
0.006654768776522602,0.18068455555075325,0.16259241469416796,0.6595181704087969
1.0,0.6177808270052743,1.0,24.393261394697486
-0.06658374028501601,0.7778750526163574,-0.13868557217722688,1.3508717289244534
1.0,0.5183828577500218,0.0031382249148881325,6.429938721360636
-1.0,-1.0,1.0,22.017109104503447
-0.8376676599289248,-0.8709816403254593,0.31478821803968193,5.755498244934108
0.3146315977266785,0.16136138363070085,0.7259367661810585,-0.497777586063587
-0.33433589497672567,-0.26349940580663667,-0.8670583498080275,-0.46887076500668057
-0.9798510510210467,-0.6277282824579618,1.0,10.842041291747764
-0.434775803496543,0.9411651636576683,0.1663678218360165,3.7604546395137604
-0.06562383493842328,-0.5837672313185125,-0.028747313370357297,1.5915015028807218
-0.13631373225818066,-0.6738555297175446,-0.6851629800694186,0.17457017816492781
-0.5464055317699599,0.4601296506717878,0.11791901690266271,-1.9681667840953092
-1.0,-1.0,-1.0,2.8241843245649765
0.19011420989401873,-0.21150262260411234,-1.0,-3.551700920477039
0.6167048041468361,-0.5388378896188779,-0.6443325387449386,0.9629073210397162
-0.41200923596540107,0.7755084205377047,0.28495621264935544,0.5153749633042034
1.0,-1.0,-0.2864804375906964,-8.93560533703603
-0.18077383810362035,0.029359114463078484,1.0,-0.027245953581254367
0.35881075229242043,-0.0754060341188505,0.04814817148071637,1.391728978907262
-1.0,-0.6358203464221597,-0.33745971801687413,0.8018322579554094
-1.0,-0.08747842753757729,-0.839878049519075,3.6307154388425618
-0.5463015590525886,-1.0,-0.1714632909216025,4.073945641363573
-1.0,-0.6017706366019391,-0.5020122821656661,0.538784041727054
-1.0,0.30059188836982687,0.8821798949081363,-1.4083993911086656
-1.0,0.7911708819602905,-0.6167574517383898,6.203594081777227
-0.2625269907678185,0.30652407051671826,1.0,2.322280386869697
0.600594628142515,1.0,-0.7218113881128061,13.125668440471806
0.2902817444446353,0.7153743614875889,0.8539807080152719,4.198258195416108
-0.09763058345297937,-1.0,-0.7539861898391522,-5.311653064924955
0.8118828544446104,1.0,0.0362676364916259,9.461525706960362
-0.2961464407820462,0.6730185434332088,0.20952059152405567,0.2612783309367748
0.33538965238707075,-0.6203856406153769,0.400649323120974,0.6901831634232023
-0.1131521094379293,-0.10616729482405218,-0.6129738142538315,1.0136040096983827
1.0,-0.9957178622067551,1.0,-9.012160456983091
0.055416839904958604,0.8861044011589412,-0.8224425777474347,3.1661227627032
-0.2922999201313845,-0.24713953551544088,0.5971541299843885,-0.3205785741413899
0.6980849963099709,1.0,0.2678639002924319,7.258706233435956
0.8452604859041302,-0.9146171582086382,0.48132904124381404,-1.416732403059794
-0.3339634566343108,-1.0,0.49776040613050143,3.023975082788099
0.02381837915217999,0.6511717021778913,0.1143534900649712,0.7951922434589991
-0.18713367325785368,-1.0,0.576919318194997,1.1942862413823208
-0.2282113663350036,-0.22712314990637306,1.0,-0.2996700559862903
0.05205740088603861,-1.0,0.6637354631782579,-0.2164748767549055
-0.3163470374174835,0.1327732072476071,0.1953931127784747,-0.3432892938390501
1.0,-0.6221925787584459,0.9677026584225692,3.7032128867860026
-0.04082362843951404,-0.13545334227196015,0.6574353436516613,-0.28737931410224077
1.0,0.012243802230866185,-0.3279625880343664,4.670174110751855
0.22165799173655798,0.01698243279582967,-1.0,-3.141698864780038
0.8486418379489349,1.0,0.8592296092527978,13.794974517034264
0.3013452361206943,-0.43012675250217813,-0.4804493962388865,1.39114632511946
0.4586123184757904,0.4824993103171349,-1.0,-2.570372043311704
-0.10664448118698555,0.12881662284541817,-0.514839477515108,0.20046440018027542
-0.3022541597233013,-0.06756417313066021,-1.0,-2.435458719041143
0.12614959893248456,0.873386850387843,0.3841449587859298,3.51733643979691
0.1772300322717184,-0.9734798485140412,0.7978899385232823,-1.6674278734240688
0.7419667132663434,-0.5024228811954545,0.35511657037651245,1.499622797518316
-1.0,-0.24322917628420537,0.4497766802108898,-2.128123379358099
1.0,-0.10123275627015271,-0.8400337114997716,7.698093855272542
-1.0,1.0,0.5436133704110422,1.0796674837143572
0.5902551989214231,0.06427058084280723,-0.24543711373670796,1.1939836756040028
0.8676806753476349,-1.0,0.9109201432898117,-6.306479606892985
0.47039751097427907,0.37302512474652816,-0.06026071123762122,1.2799342388240411
0.09388777145222127,-0.9944945635704425,-1.0,-17.774289457363057
1.0,1.0,0.686561911587289,16.492444513794293
-1.0,-0.09987736654683954,-0.3488113552552565,-3.231780297551557
0.9655758699490378,0.19253586465373784,0.2698300972703642,5.556890294475323
-0.24897717728393132,0.5929244524418018,-0.7528509601821276,-1.3485504385773837
0.07214465086930244,-0.5706492035087438,-0.481317561344474,0.49094936983278437
1.0,-0.5996298550012007,0.3011228687812346,3.6134881556394136
0.5651314208107217,1.0,1.0,10.407741354450984
-0.2508803208853527,0.6606161218647677,1.0,6.048516735360883
-1.0,0.09281861971060978,0.6501261038700132,-3.8931368991619717
-1.0,0.3252889918747539,0.9536452353524296,1.7196826459401575
-0.23593869679975232,-1.0,1.0,-6.08880505717884
1.0,0.24498547340487353,1.0,17.088840766005998
1.0,0.5776331782450346,-1.0,13.670040746768322
0.22714521038306623,-0.8101841809033354,0.365657085708023,0.9279664421399252
0.48780911646268077,1.0,0.8629693153706139,9.384084038503167
0.7799191406755817,0.7489341843504485,0.16237611223402681,3.6785389267549577
0.7020705024618659,1.0,-1.0,11.873697098018505
0.7134458421802852,1.0,0.8450398560676702,10.261252403682716
-1.0,0.18692386750574697,-0.9197427204418618,8.651728365722109
0.11624247350922712,0.8918140133622707,-0.7274535299221414,4.085915848218953
-0.17724464580834387,-1.0,-0.3113484858335209,2.6300645165666614
-0.4565794875601592,0.21748926151905912,-0.6060147497613937,-0.7163913688343866
-1.0,-0.5511397202509647,0.842278459964722,5.722443617742658
0.5700721741817434,-0.6385299168122389,-0.8398705533300408,-1.9608915869968049
-1.0,-1.0,1.0,22.37359888661555
1.0,-0.8552397677384134,0.3456793449329727,-0.07692808131968909
-1.0,0.03004062068665103,0.2638305678422641,-5.1891563387797435
-1.0,-0.12260124872208422,-0.10968677625094769,-3.389250377884391
0.9122579201554224,0.8556727808166624,-1.0,13.550141728847152
1.0,0.6550307625674276,-0.2859237695508663,5.861353080811703
1.0,-0.9657372966955002,0.7531358341480192,-4.782550494001951
-0.4743396939230835,0.4092159793832486,0.8250638163107209,1.1377517899528973
0.776048955789443,-0.45365309335589044,-1.0,-4.365064746467714
-0.5465559713523387,0.4378489963573131,0.25286071678167965,-1.8890744007699871
0.07803514476912521,0.1602565938274727,0.03326306337970797,0.3618756983546182
-1.0,0.027655239704641232,0.8957418112147721,1.2291569680271581
-0.5005307306918985,-0.03553006200816289,0.7551286537016535,-0.3988494231020505
-1.0,-0.25525352249580857,0.4949576515732459,-2.426146828473482
-1.0,-1.0,0.6904118734201374,14.380150033306005
-0.5358511662638534,-0.2902337997222,-0.9538870934762698,-0.7616299526694386
0.456071856173629,-0.6121433915459746,-0.8023333176887026,-0.7579973576174187
1.0,-0.989182363592952,-1.0,-27.357373506447335
0.5673258681198798,-0.28407122266427365,-1.0,-4.4435222839499415
-0.12469391980679312,0.010104459970004198,-1.0,-2.615542837176615
-1.0,0.3192464971812772,0.3136066953749199,-5.492704591105155
1.0,0.44513505515829777,0.8070885835851989,13.883239632883484
0.4383401069455257,-1.0,-0.6243313769685002,-5.252226841098501
0.4108549622661499,-0.0322954669145481,0.2043403354753952,1.3053203233825206
-0.23605148437318224,0.6507238805469642,-0.059445962987972,-1.1779886048167494
0.2995946571704833,-0.4034519883906287,-0.235936859563173,1.1709694383999052
-0.5003022109960642,-0.34129946182332493,1.0,1.5020306642466175
-0.24361340025267153,0.04889551058343966,-1.0,-2.3896227906855345
-0.6251844263363933,-0.022921234599899476,-0.8351012196940486,-0.10877116966538103
0.35256458945173175,0.29411624435052963,1.0,1.1958315577282468
-0.6509520394532959,-0.05004516102002032,0.5453856155730625,-0.4545439320578095
-0.3150417004405981,1.0,-0.3492961906060228,8.018371935508306
0.5340138202819693,-0.4612468649029353,1.0,-3.5082098975073945
0.02926043822549418,0.8736966264125512,0.7179706842545908,4.982924395508853
-0.1369408979114255,1.0,-0.9384864247405007,5.557727596248384
-1.0,-0.38841307532959424,-0.4308312384754589,-1.6420225336374004
-1.0,0.4038500889625076,0.6582737038569135,-3.961353836466711
-0.22876516812978953,-0.8439894714344713,-0.9606699454513303,-7.280004110686571
0.738857336557377,0.5730683199196338,-0.6015677941395481,2.280082318060663
-1.0,-0.8945992372216782,-0.04272844690773292,4.733383958406048
0.3623630413519263,-0.1529008611838365,0.3651994003672576,0.9709518360829541
-0.2302553532426368,0.28188480489361045,0.14525632551142165,-0.0829461353234783
-0.6618168297365485,0.7449458419459976,0.9240784573564476,5.3196228261052605
-0.49031148965318216,0.43009088925632666,0.2309944477210062,-0.7980449348147798
-0.04040812780120828,0.214389951332719,0.6447297973053758,0.40101545396902605
0.709560376476071,0.078831440356945,0.7093889060692196,3.4524511174480086
0.26370234796587466,-0.5607050034040546,-1.0,-6.304367555180519
-0.2838278771068925,-1.0,1.0,-5.418283995026632
-0.33182491605094944,-0.7472069336507414,0.9827903356001275,-0.5548169406913244
-0.020690197534015464,-0.5730202323611377,0.14716229396918323,1.4425320500199454
-0.039457595589436956,-0.10325086231863034,-0.5400483610648616,0.8996159472723728
0.006929392719657201,-0.8860930821304267,-0.49723638926763836,0.3585717262486723
0.9879352607573084,0.8147998269793086,1.0,25.575964055730807
0.23146886391616306,0.8681462171205305,0.8864800271361803,5.974824783316875
-1.0,-0.5047480196574408,-0.6551388230033854,-0.21877483832582845
-0.2994467402225609,-0.9400324910487361,0.7063851519537296,0.7736647344744929
-0.15263526287689855,0.4943335244323508,-0.503316289607006,-0.20386033444265558
-0.5044257210688299,1.0,-0.8661338888536207,2.8272555341110137
-0.6137028770212327,0.9404658890987707,-0.8845487815923725,-0.13742996671230936
0.8728280213714732,0.27273671745269956,-0.5081811955395037,3.3632630257888056
0.5156096958088641,-0.5837825560135301,0.19085299027366576,0.40420111043803975
0.2216868067575466,-0.44217084635222625,1.0,-3.1355166514736976
1.0,-0.8338599994771483,1.0,-1.8055104041733208
0.17573439145449354,-0.19780643669686682,0.28705887703593835,0.6201962553985235
-0.30530095577121896,1.0,-1.0,1.2161744124302931
0.5473296295858603,-0.811308105820856,0.8305120855087469,-1.0130621690336095
-1.0,-0.5201757072040398,0.17617790100503394,-0.43733456034641927
0.4068761200327644,0.5219911031737674,0.1535048775635277,1.6531315285668375
-0.042121519168285104,-0.31021372254457447,1.0,-1.0598271367490535
0.8728963881127754,-0.8386238634073171,1.0,-2.687554574877035
-0.7914639759240365,-1.0,0.26148035392157043,6.705232725024871
-0.8646565781387057,0.00712057574647651,1.0,3.0573785441631016
0.003433933382942733,1.0,0.6925851375398584,9.08195715942492
0.1677869246632977,-0.6733849074417122,1.0,-3.2416314714202623
-1.0,-1.0,0.6567339467883022,14.927621604398206
-0.4528044985229407,0.6625155693543294,0.7402850093144342,1.601052425949291
0.46130925405385703,0.6918757612115938,-1.0,-1.8772828719966754
-0.5387295253963191,-1.0,-0.4038216397751855,2.9878922273435125
0.3700557918944458,0.15105729769810772,0.038278838812022986,0.7434516624129852
-0.5421990909291254,0.6648118989400573,0.5274977851033522,-0.16876443417739895
-0.1784531934419995,-0.13004420972573993,0.8246922046247638,0.5850011779594926
-1.0,1.0,0.6529340313128857,1.8692007801205057
-0.00703878975401695,-0.9074054894175969,-1.0,-12.92921632624623
-0.7785808013036817,-0.029683078789426887,1.0,2.363215846629223
-0.07213658310652504,-0.3992162794580718,1.0,-0.7706158144963626
-0.1661253668405407,0.8978588201591868,-0.03098752580648778,3.400339204197068
1.0,0.9356004150042687,-0.44039690943226195,13.447018670197611
-0.479789876525067,1.0,-0.4499513645978732,5.568600534901717
-1.0,0.6515620376207196,-0.7157416591653074,5.5033670227269
0.0575035325632518,-0.8934365614130624,0.11053898691158537,1.4852650802068605
-0.26495566737007104,-0.2904674084642884,0.2670463549186004,0.3851916736264949
1.0,0.8507227134957323,-1.0,22.980914784876855
-0.09083217460230553,0.15588574820622303,-0.440920304710523,0.16878449661786193
-0.38624423655762463,1.0,-0.6528210706059687,6.583790054835553
-0.5812413620910559,-0.8768393988441792,-0.43548599657628695,2.3724008618268613
0.605506849212675,0.732300391342751,0.12131166049671882,1.9992657170061408
-1.0,0.3276635645154744,-0.8235972786845551,7.307636316966553
-1.0,-0.8796519050689127,1.0,19.065058248285894
-0.08981244487937223,-1.0,0.05118786642871176,2.6756139916245325
-0.009289172641102184,0.29196979700899006,-0.03583284820296995,-0.25318483540257936
1.0,-1.0,0.9991446492736893,-9.614833398472452
-0.3974775286917338,-0.3948147117625742,-0.8275990287594772,-0.7155045366991679
0.11190612629905594,0.3167230849183189,-1.0,-3.3327462669058017
0.5517746319504422,0.7225841241006223,-0.2811662660306711,1.651606776620969
-0.49333244457151815,-0.7267834828983908,-1.0,-5.303131245831753
1.0,-1.0,-1.0,-29.65984649898738
0.5251786469047663,-0.02592546701384757,-1.0,-3.368148560019128
-0.8137415166198667,0.8763141471047808,0.050416859577987916,0.35338622676522496
1.0,0.2960502137354062,-0.3966433437252972,4.579546023058303
0.10223175935339279,-0.9809169378106048,-0.5048436362476754,0.41044823059253593
1.0,-0.1592328503265137,-0.38264915344154615,4.339987546704334
-0.7360993113357344,0.14006781561132864,0.21506075566738847,-2.0579797255699703
0.44513791448830786,-1.0,0.7047434094776222,-1.8223431479992878
0.8908026301448011,-0.7371316255467824,0.05568319078894013,0.8218041906087583
-1.0,0.3468721948918796,0.0758532476126228,-4.994952324242028
0.26249553560694117,0.6120966800509,0.22299012037588883,1.0562412593053856
-1.0,1.0,0.6538426563657143,0.12421716699678298
-0.47100050694867934,-0.379800842949638,-0.3677490363951632,1.2201463856907502
-0.5981807852245704,-0.05503356588458974,1.0,1.9612012961201197
-0.7704417001906401,-0.913384154987616,-1.0,-2.099736489554724
0.8882596962268905,0.155844576517433,-1.0,3.3316231778505125
-0.5613178072605107,-0.49247167172190265,-1.0,-1.9045070815064102
0.23413963628213952,0.2448515870071506,-1.0,-3.0877164117256632
1.0,-0.7638815995037764,0.6215771231506537,1.4714394359646104
0.366361878142927,-1.0,1.0,-7.137052953620958
-0.6395630412073137,0.251780258588167,1.0,3.6453046849440867
0.6113408200629482,0.6008245314067857,-0.6175244481470232,1.6546875414808233
0.270280643182359,-0.7172107338143703,-0.6614164225294583,-0.5676743056271434
0.29206835078783966,-0.27012991164112754,0.6220909601679872,0.7077477139403758
-0.7145242409441783,0.8218276580522681,0.5007547093928704,-1.4950015022617853
-0.10318100425057519,-1.0,0.3557166439031918,2.529503613177868
-0.1867535354838421,-0.22445934408643842,0.09090111791930422,0.2830938780163439
0.9341153495556509,0.9584619193974491,1.0,21.976321008683595
-1.0,-1.0,0.14490853883546673,8.611817632161364
-1.0,-1.0,1.0,21.646663269620703
-0.26138126381018,-0.1013756593228452,-0.43639672673639396,0.04775235600135941
-0.4970616366820886,0.6354115971815899,-0.032105121610986886,-1.0852683713810731
1.0,1.0,0.49180393962154145,14.571827506080039
-1.0,-1.0,0.22167828555434665,8.98778412384916
0.8982477230804955,0.9041077749738831,0.852481737549214,14.68415012225762
-0.23482448311261317,-0.45321847573873253,0.6945003010846,0.20050974108382966
-0.44946490738041045,-0.0010043610605645625,-0.15912270347342594,0.37648967989224746
0.17214588078945336,-0.813719524894235,-0.023459756642723928,1.27430536184758
0.09947367922573269,0.08993088559673224,-0.03403791323064831,0.1453179081035878
-0.2765642618878361,0.9364044032246093,-0.035855576612197515,3.9913622041457413
0.5994502106218027,0.21565210853531203,0.9594894720708076,2.017051259385122
-0.030435643233202914,1.0,-0.5606137062770922,10.123405436525061
-1.0,-0.06782972800945108,0.7975640391205445,-1.011061327079643
1.0,-0.19181946423063945,-0.18814659245650356,5.222300366705866
-0.5575890200676916,-0.8437182446722471,0.3335862958148843,2.961366600135086
0.8960931828864505,0.7757908703171055,-1.0,8.745034303706808
-0.45020619786005445,0.6662449140632991,-0.3018802306602979,-0.10774425318796099
-0.34336594341055493,-1.0,-0.48294717825558364,1.4693196849477959
-1.0,0.659821977393801,0.5081036694197751,-4.070480518884569
1.0,0.4717010065848892,0.44187965298464427,8.876873054050154
0.8274833863104887,-0.46855166620062483,-0.8679218200226915,0.6719647922979124
-0.8288514024860598,-0.17555842674897093,1.0,3.0586087619985602
0.5564981364402697,0.8547795693605584,0.27521252050423395,3.421587467985857
-0.25661343456123964,-0.517807623795749,-0.7361389422425533,-0.6412552756747728
0.5847528968462494,-1.0,0.2892449806362192,-0.6511967226859005
-1.0,-1.0,-0.942475092772785,2.6029824238332124
0.5285841466989367,-0.9010212179883248,-0.430791092837693,-0.21574121437069482
-0.4257569031432251,-1.0,1.0,-3.604127879671763
-0.30993597975198917,1.0,-0.17283074822416733,7.551673486047313
-1.0,-0.45059329504670687,0.9075703922215657,5.595910112938544
1.0,-0.09334246105477595,1.0,10.34836985599604
-1.0,-0.7485656859454022,0.2277926484725612,3.4443093553669404
0.10128965484900743,0.5202821440299783,0.5158069341652873,0.9221459925375344
0.3241759879803423,0.06237775814780777,-0.15394815055510946,1.1331544344193563
0.48090331835399813,1.0,-0.8960088576624219,10.29890717243885
-0.7166689207026662,-0.4064670023673487,-0.3620655613934345,0.4105770398141918
0.0763955968622565,-0.10023400330551469,-0.9531035168894588,-2.3800222198018437
0.007039253745886764,-0.786712267358529,0.5609697228458299,0.3078565445795679
-1.0,-0.20105330107357955,0.20428332345372158,-3.5253872692310337
0.5342285073224058,0.02112707723392382,-0.7666090165488841,1.1769199318817867
0.22940695584231863,-0.28947961849600135,1.0,-1.1952816526249088
0.19913506853742646,-0.6026013025817152,-0.1534769781413854,1.706485854151758
-0.5178339961888043,-0.840007290276038,-0.883661939040087,-2.6930345065401804
-0.2636264497692755,0.03749456369072335,0.37586008809562643,-0.38591758579184077
0.9056571324770202,0.5127486961922842,-1.0,7.047511908685643
0.5102128907494436,-0.1404934641384914,0.09681546156007625,1.1175941085777668
-0.5788986135894054,0.57987792487403,-0.7577364673448199,-2.003043810298171
0.52761932494814,-1.0,0.2490518615758801,-0.6384817747685718
0.2086050244600528,0.611577114420381,0.7525169641586553,1.499744409234635
0.6496055680575856,0.08911760621519926,-1.0,-2.396524260200382
-0.19781169310048496,-1.0,-0.11383094613038414,2.546784442880053
0.9395450590154464,0.8156703865349362,-0.5713030773782162,8.443131673099662
0.26987234903120205,0.3974579442019235,-0.07784494836908351,0.8930422755641448
-0.4381715478761341,-0.327314931202771,0.15174521769069993,0.6389318663687125
-0.6880133106419664,-0.1528726178437445,-0.3998552621615261,-0.36023015657093493
-0.5858782128603965,-1.0,-0.3845901341838194,2.6493841555823074
0.042842508025983994,0.2403098432987918,-0.9131441952814396,-1.6645517386832505
1.0,-0.5098514660609321,0.6153517637072325,4.942712249893249
0.7636197576267272,0.5895559234470995,-0.9315332983762259,1.9510740484665778
-1.0,-0.9055902132841147,0.4627460736456881,9.496832897787991
1.0,-0.005378821018138025,1.0,12.594444928765816
-0.9162447123154864,0.43264915993615993,0.3367387612541599,-4.670031459835721
-0.8223606587591437,0.8820419936323101,0.1896154428026804,-0.8271666792898456
0.17942961798449875,0.4718104669480834,-0.030207758085621927,1.1039087823948428
-0.35925007444055024,0.36973599116410005,0.6819238853208716,-0.07271491365283239
-0.7011545746149643,0.49678070748079395,0.531526582742071,-2.2919032767667376
1.0,-0.14576768304198096,1.0,9.420590686223383
0.48076231580142115,-0.08120254368567736,-1.0,-2.549022876193821
-0.9197697068233708,-1.0,0.7724375774773775,12.394462977666267
0.7273192399294939,-0.31826101605510626,-0.2279295170333029,1.8358013018352244
0.44179867626025415,0.9591118307314099,-0.39735034324207996,7.537901847810518
-0.16977255924373003,-0.22949402688067488,1.0,0.18176314512463115
-1.0,0.30011947782036064,0.170088322782723,-4.4799205520129615
-0.38489005496965945,-0.7858548590134629,-0.5334443024333382,1.5088336028494367
-0.629993864423541,0.2592937987597086,0.23886424751283775,-1.3118301624573845
0.17687904173268376,-1.0,0.6663654094791485,-1.3268068303209786
-1.0,0.18408642987668888,-0.8751368759922578,6.5449585138383215
0.3928705038913034,-0.09370619947788739,-0.7006975318380511,0.6392878553105295
-1.0,0.42851733866776653,0.8375233800629036,-1.0574559005662838
-0.3690580116644038,-1.0,0.9239302796653277,-1.8957445385956144
0.24434783015641304,-0.480283987048284,0.40505733549245804,0.35534182217451954
-0.31320760854978325,-0.5944041828383511,-0.22583393550715902,0.501753775469476
0.10966741732750274,0.9833504352409659,-0.17836804087560698,8.544836283349177
0.7397695181219544,-0.8795485060734449,1.0,-5.267412585031931
-0.05770990991592906,0.2840673346387259,-0.7008391980992559,0.3718975491882379
-1.0,-0.9301316611858377,1.0,20.207948713104717
1.0,-1.0,0.5236574257257605,-7.078420345532752
1.0,-0.426632315470576,0.2356117668982356,4.718893755639462
-0.31227728548085176,0.5430400283382015,-0.8121133918565937,-1.3782395696392014
1.0,0.06117050807054403,-0.914356005207309,8.12611448258795
0.5468068222479994,1.0,-0.8697368393838947,11.674197078533911
1.0,0.6414838670836114,-0.9867811198558509,14.154670249147712
-0.3672036231358913,-0.44694526086934894,0.129527524256132,0.4478038376628991
0.6855231215066679,-0.7018850861892141,-0.3146716935530218,0.3333354882075601
1.0,0.7597971966476829,-0.28311533202405004,8.349179544503723
-0.24695809025991777,-0.465648209772199,-0.45499403716629283,1.2228880365570016
-0.3743496250394702,0.4633239484663605,1.0,3.45190368675862
-0.7789217324724504,-0.5568736100177096,0.4649829182785603,1.3327740167198594
-0.22425214076789102,-0.46890915512004194,-0.5582527268786104,0.4593394598959291
0.1634633270955117,-1.0,-0.9733842837712061,-16.52926286432059
-0.02758074276861744,-0.0005275292382189711,1.0,0.5435104110484584
0.04733514361918312,0.10616782833001626,-0.09538784486543816,1.232669033953614
0.7774713441305692,-0.6400950404310035,-0.48271320234949866,1.8219418508502017
1.0,0.20394697993370037,0.9643432370807241,14.068911803277395
-0.07478250592896041,0.3796516936064296,0.16263028488610387,-0.1611980398806731
-0.16484173586215167,0.000344206266642999,0.10173895551558321,-0.4586513091380794
0.5218342205982041,-0.5026267523069545,-0.2958324264994847,0.5184639244061082
-0.4575880160745871,1.0,-0.8321239110565122,4.000935910204715
-1.0,-0.8235320010967708,0.7665237341686189,10.284831397778591
-0.39653501351292153,-0.1721696517339395,-0.431451261530158,-0.3278140186516186
-0.752730096076216,-1.0,0.6856455466647497,5.792325973293727
-0.2638712549635527,-1.0,-1.0,-14.810877661381863
-0.06402295111032563,0.13449474418832708,-0.685776324097207,-0.47219421267908973
0.9421418292802766,-1.0,1.0,-8.266563119399002
0.6684038472589007,0.37994123965298776,1.0,4.568572682345425
0.7806520760676356,0.8946398046659871,0.011897772075443402,5.410753105230656
0.3503323531523028,0.8525197719173399,0.01828152861833443,2.5203434507773292
0.4941256728236587,0.5284592660207181,0.6511558467310075,1.7588649538425787
0.1107624267906473,1.0,0.6373670205607811,7.93225194793143
-0.8337969514177177,-1.0,0.1672059481186865,7.938018739296125
1.0,0.19844835241195358,-0.2157527824960317,5.268741813551559
-0.010606693519555455,-0.33028010287444176,0.11995255992846254,1.2515841183108287
0.4336502406340168,-1.0,-0.1605265126750388,0.44003160668427665
-0.3817193876879723,-1.0,0.35066574139991524,3.400705501302151
0.7628782338488753,-0.4548175685593634,-0.8846741884129661,-0.0027043412156776414
0.2628496183537514,0.8175244374164876,0.31045343841516426,2.339591206553611
0.6388935273906005,-0.09757050531602296,-0.04082710856172045,1.942026190474304
0.17590174856295704,-0.30048090365482527,0.3845367838093785,1.090149929761954
-0.12909104396725435,1.0,0.03094861835505336,7.5539067228750465
-1.0,1.0,0.08445950269401159,6.7899367338931285
-0.39707376716630227,-0.6011912499309089,0.18059489233525716,0.43005035899760247
0.8766005091819054,-0.035651569451899956,0.9122656255387083,5.229826869007586
0.2579870530587478,-1.0,-0.029613485872178602,1.190400271275043
-0.393159413158908,1.0,-0.009583860109024789,6.693241440544543
-1.0,1.0,0.6058897332150572,1.4309081487066602
1.0,0.1316775454745116,0.4300264866372021,6.518712416910979
-0.9911161362378844,-0.40250403478340324,-0.6328376356046341,-0.4474026247036997
-0.05155303634971076,0.02106645556434361,-0.5920972156672186,0.6643638101188194
1.0,-0.7245701298932612,1.0,1.244529510202813
-0.7789804217501355,1.0,1.0,15.78767277358211
-0.6003997158639345,-0.026704003641378815,0.46375166501288323,-0.6601395357168205
-0.219939460123854,-0.10022490138987661,1.0,-0.03237991134827056
-0.3980404364816874,0.33448069373112355,-0.8537103863985289,-1.0390919569831878
-0.46905166237016127,0.6046925300928914,1.0,5.287052264720925
0.2076199983177307,-0.8739612573711022,-0.5647909184904003,-0.16966839360331273
1.0,-0.07655300696656253,-1.0,7.92041446935498
-1.0,-0.8084907762387035,-0.8766079115220953,3.2120529430347715
-1.0,1.0,0.10649651613213207,7.017721134829799
0.7390422283631297,0.3848464341689084,-0.06230265710535887,1.3474187709587568
-0.3040821743484292,0.17720761552255904,1.0,2.095612337405919
-0.3535686384762027,-0.5233635519117921,0.540710567914038,0.5635516041772574
-0.15092980924616994,1.0,0.16916135752185846,7.189633663200594
0.6476717014727342,-0.24478245004529553,0.7477874616325877,1.477194726285254
-0.05003908099649812,0.4084129102429128,1.0,1.8704775436070116
-1.0,0.08117256996271838,0.2594847821369215,-3.493161679333246
-0.8919382439608667,0.300982819605081,1.0,2.5408706514797954
1.0,0.6255166002051571,-0.5643261068000316,6.531005748075101
-1.0,-0.4508039428622279,-0.03250635824031067,-2.0644394800946
-1.0,-0.3340058095542078,0.7005226348628641,0.3012742868832381
0.6641140192555854,1.0,0.2262991372622687,6.388599555700872
-0.6708598960177965,1.0,0.47245766682026,3.552093924965121
-1.0,0.03292166767788296,-1.0,12.451690745044143
-1.0,0.7055349380966964,0.41995805447805123,-3.646078420978007
-0.45151853277937004,1.0,1.0,15.42223876389268
0.356938533466735,-0.040734190707897966,1.0,-0.6798235476976737
-0.5366871281428294,0.09836854959876562,-1.0,-0.09781111158094463
0.6744573730586136,-0.5035568284509981,-0.4131105824053938,1.852882911313142
-0.6024390612561035,1.0,1.0,16.300968444906974
-0.7550406065991766,-0.870842408017092,-0.5721021812402802,2.2861706811432114
-0.6170865896692013,0.6565543499851036,-0.5391731218616236,-1.8066446309792525
-1.0,-0.7541399627851828,1.0,14.907065695854836
0.12108725002208587,-0.4105398034315235,0.921560755988666,-1.6335213448814514
0.2171037987895028,0.8931153278910067,-0.3860405150985855,5.563969390914189
1.0,-1.0,-0.05878433795407223,-8.869067343735406
-1.0,1.0,-1.0,21.138441140701733
0.7595043334475209,1.0,-1.0,14.604716843741274
-1.0,1.0,0.14940059395828253,5.674988843790193
-1.0,0.8138391341413087,-1.0,19.849510016491468
-0.18626365637209097,0.11468702530801034,-0.31668183338196143,0.6110281536303556
-0.49753921739408424,-0.9036545384756918,-1.0,-8.80597121578271
-0.7565572380968495,0.47348168798893564,-0.12075963193022798,-2.6533938834804305
0.6392171544510028,-1.0,-0.9546261270645662,-20.79513080310866
-1.0,1.0,0.09652586145779507,5.753300220538717
-0.8578622579088473,-1.0,0.4279609952825023,8.183821137545454
0.5142032207380438,-0.1671563346401559,-1.0,-4.682273677123068
0.36283611353797807,1.0,0.1617158781403818,7.68843963097682
0.07970143958553755,-0.7327985933511163,-1.0,-8.605081095845573
0.8341417970190745,1.0,-1.0,19.21346669878132
1.0,0.1932665061106822,0.5523312359475432,8.350498690577767
-0.45644931375672426,-1.0,-1.0,-12.068119151859362
0.13393078264119196,1.0,-0.3102321146374123,10.054344672376486
-1.0,-0.32729148083198334,1.0,6.827166573760104
-1.0,-0.018471533883317015,-0.805155951957959,2.6073226822873994
0.1263911351052287,-0.23961509937176007,0.5869144654073557,0.4880556072902074
1.0,-0.5978366830484294,-1.0,-1.275438686499001
-0.3863863906295515,1.0,-1.0,1.0520234044377073
-0.37184101079428733,-0.08542166002581975,0.9985408091917927,0.6862072173201516
-0.2401832798400818,0.39631036631732064,0.8464836084678855,0.21387028862437507
0.341105632484229,0.23506843651354004,1.0,0.9823472329448362
-0.6054961885483123,-1.0,-0.60793783993274,0.6810483580971929
0.7477673473115245,0.7406786612626843,-0.792116112586239,3.2608799283389978
-0.9975805036923258,-1.0,0.7691120655305226,16.955673845203318
0.8035830350883026,-0.5935666265396642,0.5888354712379855,1.7352709139001905
-1.0,-1.0,0.08011585560258139,7.3636041354109585
1.0,0.2913831432798146,1.0,18.042140908301583
-1.0,0.8254996237266696,1.0,12.992570543751997
0.16778334127517858,-0.2909037509950474,-1.0,-4.064166965960855
-0.8914071144723363,1.0,-0.5229952985894784,6.0243802091205065
0.44278556452342177,0.34331162970842666,0.7972053062029485,0.9066032948544381
0.10564910208130396,-0.13333658725798703,-0.6045577126725921,1.0194537217787059
1.0,0.46161466832893994,0.5191717935452764,9.253256580256263
-0.5147018051323031,1.0,-0.5625978651239973,5.296663923271897
0.09081064531849559,-1.0,-0.03129669906068777,2.4807860279251366
-0.3056557523236254,-0.03777140512461097,0.4407376517331645,-0.6968117287511417
0.8832091320703159,1.0,-1.0,24.04927594822537
0.7127076130400067,-0.2999246173225638,0.6831673800710008,1.8561520094502724
-0.5457050608863558,-0.4907693099928112,0.5262411766229849,1.09111075330592
0.4421558345199941,1.0,-1.0,5.500517524115878
-0.052727565684546285,0.23631414411464524,-0.22480810205420876,0.858853159662694
1.0,0.3189336864862893,-0.21707575789427502,4.870352399100276
0.9795638760623124,-0.5952800733911372,-0.8128136885181378,3.507611098000703
1.0,-0.09860837041272474,0.4855021885798103,6.837033234179609
0.9416520801738206,0.4994347341754515,1.0,18.132388630872583
1.0,0.8361907569487279,1.0,26.082600544891783
0.3012930973599568,0.38501511978657765,-0.31412633682655167,0.9490487015528158
-0.5394835699695919,-0.6671394433763278,-0.07220302661437694,1.241423022003536
1.0,1.0,1.0,25.91322691875874
0.8500140972198844,-1.0,0.6466753211594773,-4.168378988654974
-1.0,-1.0,0.8443245653048184,18.333106900337214
0.5919906396972952,1.0,-0.11558176637366357,8.675268923056318
-0.31783810849743044,0.0011659190519743845,1.0,0.7713278473677068
-0.1934838063468678,1.0,-1.0,2.9069818107130043
-0.2244918943691372,-0.17118881879549241,-0.14805994517743803,0.7319046980594491
1.0,-0.3068530594131298,1.0,7.940638061747548
-0.3821207097943089,0.206931498513804,1.0,1.8354380122343623
1.0,-1.0,-0.6784041323959604,-13.780170068576265
-0.3141669081828573,0.7673156433414321,-0.9892999285865096,-4.243053515828692
1.0,1.0,0.9885458121799762,25.25970770598494
0.3573789170278885,-0.29337465049789646,-0.5689055959121669,0.4568200487382591
0.23566496342047327,-0.7606283859935723,0.177512482235181,1.8143871273030125
-0.05057556701659838,0.46761740636962346,-0.4036649752418553,0.1392602464373482
0.45666964570071533,0.6144459343334241,1.0,4.989602450204206
-0.15112116027198597,-0.1917841991634346,0.5396603418833237,-0.044006923751696486
0.6354897977582961,0.6799789479679685,-0.8344006292784485,1.2892304038869613
-0.9322347709524084,1.0,-1.0,13.263985523644047
-0.02130411130158638,-0.9969840592367742,0.7701528613078525,-1.412041156461748
-0.16500944726075462,0.8663186638699703,0.6827878130849836,4.952981782959859
-0.6942108409894092,0.23284898042054292,-0.10731561332064254,-1.757722215668497
-0.3936408258062276,-1.0,-0.8094100755186899,-5.259757115333085
0.36682685881124244,-0.3858901092832667,-1.0,-5.067967236315087
-0.6154810305202991,0.08211297598645273,-0.6238348698434615,0.10744523825509053
1.0,0.9571744314214259,-1.0,33.45063174268003
0.09240246944360009,-0.12709784421603643,-0.15829682800951073,0.6598987461158972
1.0,0.7776618551156116,0.11628470376794442,9.044247313737056
-0.08986977409874819,0.9253755760613638,0.4663384645721913,4.976837862674917
-0.4009523815556604,-0.5776233757851088,-1.0,-4.72214969717576
0.8523293166958512,1.0,-0.21507139252992635,12.093213953080472
-0.2524793532385994,-1.0,-1.0,-15.805284228824725
-1.0,-0.8763954977684774,0.4641751893906785,8.490274470610354
-1.0,-1.0,-1.0,2.9607692946197552
0.9730079129376152,0.11855810359971675,0.8596058339746471,9.651431416191743
0.06361350592205861,-0.2711547404969412,0.7149220786236543,-0.22877297736751256
0.9620762776780989,-0.7032424318695594,-0.31275583305583043,1.9578726243408393
0.045804949815376306,0.04843484968682876,0.6974945809326205,-0.06820938041270858
1.0,0.06937552629909871,0.8678134639592845,11.310756206091536
1.0,-1.0,1.0,-9.363216681055423
0.48538142104386384,1.0,0.025469762752094782,8.400289178191922
0.6326718121705197,-0.21893809687971033,-1.0,-2.517401992538149
-0.7468280606074724,0.45617346682913307,-0.09127064846143185,-2.53031943893804
1.0,-0.6308525297185703,-0.6068863121111421,4.247177747186086
1.0,-1.0,-0.354676569333114,-9.456924807818496
-0.3332016327442324,0.490929286750333,-1.0,-3.5532085795189814
-0.41380805678117594,0.2339783240574027,0.2843912528230561,-1.0902182004484018
0.8290183278559178,0.670296352877404,-0.11745445804081855,3.4995333553974532
0.1011737620297164,0.0647972917691686,0.09648840980531559,0.9604915188295967
0.1911157433632611,-0.48441677198172517,0.49017113388072464,0.6811296656899377
1.0,0.45607386672953787,1.0,21.49637697574541
-0.9196485638386238,0.8534498418292753,0.6162174666829481,-1.5168704019837038
-1.0,-0.5063842436980155,0.20428955646148017,-0.9138227378239383
-0.024504966836704778,0.0453560273099447,1.0,0.9080720595368175
-0.0005462322014715415,-0.4686210404370885,1.0,-1.7122489740395255
0.5556437235537977,-0.9160972766978095,-0.319471321073173,0.5117139621365736
-0.11958061268197517,1.0,0.1379891478619346,7.579107542539694
-1.0,0.6538534068545772,-1.0,19.018137337010035
0.3149784930777857,1.0,0.08541351258860863,7.753534872777631
0.17855876299671758,1.0,1.0,10.77703520889819
-0.3179954250463064,-0.5277930930807351,-0.1878682411873105,0.7903347673524606
0.9857273139616887,-0.40248091105941786,-1.0,2.4066507312695053
0.7295732596633284,1.0,-0.2416376672709719,10.218535404320667
-0.9660199758024517,-1.0,-0.00591510591952682,8.357806881211111
0.36219358472302177,-0.6559671103456419,0.24307442152611514,0.4331105007027014
-0.8541391185329128,0.78355676313198,0.4762171985084538,-0.9917619996561351
-0.970209334732294,0.3785007519825254,0.3615290255319126,-4.940693007051459
-0.4946746965299351,-0.6150562443634751,-0.6806116553747048,0.3161847448116091
0.1403296553426261,-0.1155947734810332,0.0874045676437134,0.8585978532586487
0.12591522855775072,-0.0644814165642682,-1.0,-2.439331731190628
-1.0,-0.4304062685371397,0.3831870921833145,-1.9286895983368808
0.31538181547000743,-1.0,0.6306136321105646,-0.5075721091517776
-0.33674946374348336,-0.042767302421235165,1.0,0.8946845632717447
-0.31823427161928786,-0.2642198436257903,0.29005560017744125,0.14773022783223513
0.2891951654717846,1.0,0.4740805937585695,7.01114688777394
1.0,0.44276570054588227,-0.11706247140938175,5.860839587446725
-1.0,0.3845080047146423,0.016991694121203826,-3.7184594064835816
-0.018190060173265188,0.7334943013475861,-0.6239427512894009,1.11057144017627
0.9847419210734112,-0.2413769580188574,0.20379474427472366,4.228608629137173
-0.03830955015229209,-0.9924698530742642,0.9850217005474984,-5.664467864298318
-0.5891423434480234,1.0,-0.13728633015611913,5.653061109128368
-0.3789495723612848,-0.28513444877617533,-0.9133097615949488,-1.7021158705246662
0.7303158063500261,-0.8619581160426653,1.0,-5.607006004943967
0.4803687311620861,-1.0,0.0865604665049553,0.2884433447839
-1.0,0.850188901061496,0.4181052899687072,-0.5625658578734856
0.05995943384581803,-1.0,-1.0,-17.87031134675571
-0.25454942136813674,-0.037099449236079884,-0.40916735103564195,-0.03214730496877721
1.0,1.0,-0.778273197651904,28.902108791242338
1.0,0.2721162650484732,1.0,17.760413462907252
0.09358561624453277,1.0,-0.7828399262228729,9.151912666774036
0.7909879858287181,0.39039780764528875,0.6641650567407045,4.757509045365512
-0.22182160702454,0.2475315977738508,-0.8866685174691604,-1.5375111828652321
0.9827096699242979,-0.6422875811907709,1.0,2.0878990986870365
-0.6334908909784356,0.40495461486062845,-1.0,0.010603282078182896
1.0,0.655897293758446,0.9077775578457028,19.988894650379375
0.09612187194577926,-0.3935913424346491,-0.9964887640085243,-4.671487012425188
0.4023702854285802,-0.7376881849296371,0.3262226555177419,0.8572267826680797
-1.0,0.8744878884659366,0.07206483322023849,1.430031398969218
0.5036650258460975,1.0,-0.14712514733650806,8.343503969093382
0.8102486052976605,0.3385567361998758,0.23088780304396628,3.869804375947642
0.34602693658030903,0.16228862660235688,-1.0,-2.3942404138949427
-0.21597570824165624,-0.7181675739598887,-0.3973828805361346,1.4336421880078973
-0.5008596114591102,-0.11530572157457986,-0.6743526683870091,0.2016563675024097
-0.03179547342290712,0.9710801363362922,-0.708878228162469,7.437184996157214
-0.12575606698043096,-1.0,0.4707559337460845,1.2209281973787478
-0.5803112377399982,0.13501578432882866,0.8363625016396485,0.6239796584327244
0.2572059012647987,0.007541817768905723,0.08026130997616643,1.0136271799129637
-0.7232568292986117,1.0,-0.3881329911134883,5.181496785428615
-0.27072425678769596,-0.8029378173077835,0.10111374486425806,3.4147766309231526
-0.053545766907482584,0.046989012702689736,-0.05416936897224911,0.8028975281924946
1.0,0.007041796834187375,0.5936100299671168,6.382271283400456
0.46121150954059154,0.4753809546060681,-0.6986409962302103,1.0537875660952598
0.7487551501892928,1.0,1.0,13.723605460987526
0.5249069519687781,0.30362712310762197,-1.0,-1.5937082061866272
0.3947022392762025,-0.35672022456552255,-0.30143567129859283,0.5754711883555824
0.24213586478127613,0.6834872861537504,1.0,4.589353920350988
0.5319155757568668,-0.3123961973175593,-1.0,-4.918308289727657
-0.49037249343285905,-0.24276728886503007,-0.6395317618504601,0.5335819022976832
0.23835201216183877,0.9860057280926595,0.44846264249997136,6.326349169534689
-0.5254786697937128,1.0,-1.0,0.1975259226157109
0.46053380422704704,-0.2631761103208077,1.0,-2.251370233502452
0.06732792152261768,0.2417949568424882,-0.91870788154088,-1.352103132231989
-0.02112419852765668,-1.0,-0.9268152849908406,-12.05780796811928
1.0,0.45155790754792546,-1.0,11.920894225176117
-1.0,1.0,1.0,17.06191733538243
-1.0,-0.0016281009217034015,1.0,4.058571326562675
0.8661280118458308,-0.7231108503004176,-0.57521512409233,0.6083281970237457
1.0,0.647097096398997,-0.4998299798583541,6.040481876549011
0.07956118118349775,-1.0,-0.6106093473925016,-2.006993923356132
0.19717602817172541,-0.8209710055085946,-0.8951958658476222,-5.354939606063276
-0.9791704413235545,-0.2608755124828719,1.0,5.1484996499071665
-0.3569914054238297,-0.0001649814562956209,-1.0,-2.5129387889309602
0.7680230810788355,0.07703465004759846,-1.0,-0.5519716976825482
1.0,-0.3037364428921614,-0.7693870851615603,5.567883870218111
0.07276361197387837,-0.5861685584009666,0.3290608668822481,0.8626958626325189
0.7688915221729755,-0.8937020942530949,-0.006493076900667694,-0.855821794731153
-0.5637919380277641,0.8321516435159759,-1.0,-3.0673039244605182
-0.00971287810413557,-0.26766284905078663,0.5224290634574973,0.18899805832610683
1.0,-1.0,-0.3544485440431917,-9.664472318993452
0.12538922651049034,0.8063489421909988,-0.13486047202311435,2.2703475580853625
0.253130804786458,0.2637807954970479,0.010001316066074795,1.0089324330853287
0.5969029700486033,0.5061178380998448,0.5096542472183221,0.9448853035573206
-0.7748346641332473,-1.0,0.4913374415910148,6.9129766029510815
1.0,-0.5644381392331381,0.0553452512483561,3.3787748654984586
-0.6470743834395278,-0.8199705858137276,-0.031195478726923964,3.21434385522695
-0.14956304784830898,0.43164810333934733,-0.7719424049683752,-0.5087460942444098
0.3081379413864338,0.5668698878001603,1.0,3.957770721456448
0.491628017351724,-0.860970867388269,0.19024902078915762,0.5964227214886495
-1.0,0.13492438370457993,-0.9202642738558215,8.534408220969743
0.055415871235320546,0.029754399382833974,-1.0,-2.9507365754286585
1.0,-0.6326539050383886,-0.6773110771930806,4.509152297624518
-0.18678787828979737,1.0,-0.34491128923675496,8.425111988221868
-1.0,-0.09093478029177637,-0.6832677279759625,-0.5493644112778912
-0.6295070704344463,1.0,-0.4865230097990645,5.417346029088177
-0.4441306243330396,-1.0,-1.0,-13.31815203248182
0.8852458830031484,-0.0697477215296296,0.06213110865481197,3.2365168981143246
1.0,0.7734566798622173,0.08837437913976465,8.691652845122778
0.028985139914240232,-0.019377920968072226,0.09870686135602669,0.7450229264730656
-0.13981094158249951,-1.0,-1.0,-16.076185859430396
0.649102355869833,0.46049395760305245,-1.0,-1.2977597162854642
-1.0,0.9032539532500334,1.0,13.904977597804168
0.0875056898543467,1.0,-1.0,4.902558905456601
-0.023557801580033955,-0.028132827400398908,-0.629973719427565,0.6397413699740592
0.4769376531300309,-0.656835570994305,0.28326990889998993,0.5648583127518092
1.0,-1.0,0.0033841419075493206,-8.095787656386644
0.5699834103817571,1.0,0.4132766366842682,6.83612514753347
0.15700012041962164,1.0,-0.2916770650803593,10.041269619009173
0.7393875125707283,-0.3774074061305073,0.3487282794785591,1.8173810672925388
-0.679301531199141,0.2393029598802192,0.5755211831123697,-1.6952069014583047
-1.0,0.45521744083490523,-0.25039748331449774,-1.9365055998903538
-1.0,0.6299879672466879,0.17049926314726305,-3.2823727547892627
-0.3927011749551972,-1.0,1.0,-3.990218705829623
-1.0,0.306095305730391,-0.3541439676771916,-1.5390902401791584
0.4128947812025021,1.0,0.13088008012781516,7.397448510420719
1.0,-0.9693217825171476,-0.24816899819119675,-6.6372755506682015
-1.0,0.15212644423784694,0.03800351182810857,-4.762808642491201
-1.0,-0.5690707125194485,0.754422794989849,3.9752576410199216
-0.6455355551872812,0.8374414445191087,-0.8713117686660203,-2.9710676945435686
-0.27920129638053015,0.599525443810329,-0.8762976254512707,-2.6980445749808553
0.6676933651569865,0.3399640718147896,-0.41019145359950127,1.9040992603344007
-1.0,-1.0,-1.0,2.5476008056285107
0.0277145600461568,0.35801702277492575,0.6420658655906388,0.5989994675992967
0.0858273999925181,0.5860286290245424,0.024039359373786207,0.7742796283920407
0.1268268055927888,-0.25143785954583,0.3407683513877324,0.7443704983833462
-1.0,-0.284705822641923,-1.0,7.220046113049684
0.41090065019289734,-0.44177094139569495,0.4766839718403266,0.2773597506917511
-0.33312672449826675,-0.5164671768678093,1.0,-0.2200695439673102
-0.8609796245848862,0.8609870130598405,0.5620272811099445,-0.908195814140053
0.8946941379181759,-0.39383380812718594,0.955374408447784,2.5065890647535642
1.0,0.9738783377463758,-0.3162360854445465,15.656171235995977
0.0706895641833385,-0.9961119586027083,0.3193799661061967,1.077460577783192
1.0,0.2762542751541972,-0.6654920543128733,5.3345613737658955
0.5453364119519977,-0.02912869947477925,0.9147897471626187,0.22012808041030657
0.647888578614729,0.9863561864010222,1.0,10.904299142968101
-0.38758991916387897,-0.418788018290039,-0.5276288734475583,0.8289111561325979
1.0,0.9076081917435967,-0.707193149533399,16.97738760211808
-1.0,-0.8919448801740846,1.0,19.19662540340452
0.8209981648562037,0.9639215526748943,-0.5490313696708264,10.877932717617211
-0.3978225339656041,-1.0,-1.0,-13.702226248369028
-0.31592958118265413,-0.6567923620989444,-0.7512337999774785,-1.2752762576092573
1.0,0.24140576603899677,-0.7903397594929849,6.768619654784987
1.0,0.5725283092091094,-0.09150790900969019,6.576879207092759
0.6456044475243365,-0.10389284159507439,-0.4044425564506724,0.6647895661788781
-0.3401779284948465,-0.8593228010815765,1.0,-1.0304377633124946
-0.49002124147808424,0.06620557410886652,-1.0,-1.099489395278321
0.0019498528414541028,0.7200435060204657,-0.09671795528042826,0.7745080999931067
0.22822406441182808,1.0,-0.5321257049561021,11.053723957741337
1.0,0.06206158857124855,-1.0,8.801476523916692
-0.5495650214511401,-1.0,-0.10252121992705243,4.002147151531483
0.9693466312886945,-0.6642700357295992,0.5689646615754869,2.724831820627779
-0.19521977795536394,1.0,0.7961774231253023,9.790089667004585
0.6374917053118316,-0.057016888942162725,0.2235302593319708,1.8362831974816667
0.5719840546426258,0.9631438835362094,0.49625567146383687,5.778393363529568
0.3291754400890754,-0.4386786284808848,-0.3214242476261566,2.1370315550384733
-1.0,1.0,-0.7564461841700938,13.979577802894493
0.1908582314712035,-0.12205717527748927,-0.4674626493458187,1.5032532660584106
1.0,0.5673461155073387,1.0,23.792941480423988
0.1924838116807832,0.5567427027441842,-0.8762227271454928,-0.7358685420928417
-1.0,0.005401957676317126,0.6327135126732468,-2.6159044844899944
1.0,0.11689122379459049,0.986275845859095,14.4197289239272
1.0,1.0,-0.09897948129212653,14.311108384801587
-1.0,0.20503471980973664,-0.21402515791581056,-2.9922868343406575
-0.027089763820504098,-0.9030745684067711,0.9988601106861383,-3.771142622692192
-1.0,-0.3213502665050052,0.46717257060286665,-1.9107082063348313
-0.19527083844063342,1.0,0.21908674538931172,7.347194430653895
0.5807845454343283,-0.28791770678867024,-0.3383276021469208,0.45513965480313534
0.15568994759889176,-0.38683744308973234,0.9874504797224295,-1.6547709143123415
0.31380051985146795,0.20633599938895197,-0.3826355244421886,0.7786223545347956
0.06532076898494399,-1.0,-1.0,-17.29062613636069
0.41299603946543906,1.0,-0.5318096315211893,11.929311931929723
-0.5750081156183786,1.0,-1.0,0.5612033197847879
0.08116530839261005,0.24833491828705667,-0.2383192400849663,0.5502784624562455
1.0,0.7663403409797802,0.3847457133975054,10.850501928692754
-0.2834755391797781,1.0,0.18086532956045076,6.212990124663062
0.5646969421863797,-0.1619919110492658,-0.24884747439378696,1.8074992628730757
1.0,-0.21034560399521207,-0.8631540580692965,7.145939628319572
-0.04410213126633589,-1.0,0.739468086401103,-0.2939261576161225
-0.9257435671969987,-1.0,1.0,14.117561147199181
0.3837020641735218,0.2760809584805106,0.41464278208780025,0.6931447072717236
0.8865832220151084,-0.2673676531241833,0.2888397409758585,2.6914885753387074
0.837834617425502,0.23051291820486908,0.13064862580701986,2.559635275213438
-0.16217083522832487,-1.0,-1.0,-15.865006012784798
0.15325627169767753,-1.0,-0.08490807561890268,1.8968318136218452
-0.03296496261127557,-0.6774840834260265,0.24281083243218138,0.4816928734199062
1.0,0.7992722399441845,0.04054614275625523,9.696488712019303
0.5219260916756299,-0.3372867203996033,0.15508592876223615,1.562615611181701
1.0,1.0,-0.7330705659627605,27.69597357966806
-0.8752151630763365,0.5368212434576747,0.035499751976584504,-3.43608857695193
-1.0,0.44271487259510933,1.0,5.583049099025832
-0.9571842034485771,-0.887160710108166,-1.0,3.3639580060775254
-1.0,-1.0,0.6835346774094611,15.149837057201688
-1.0,-0.3956139984368974,1.0,7.490805267698691
0.05822451880605373,-0.8356134410213387,-0.6708284938223146,-0.46259702431967925
-0.9263703682866515,0.5357521854006324,-0.6501342919795228,0.343346244017273
-1.0,-0.3804907614276192,1.0,6.465308278485794
1.0,0.2686459406877215,0.006015299921006356,4.871013108843231
-0.6615510991572207,-0.9937394378212352,0.04563839631754085,5.396700594540761
0.6474611792800571,-0.7958530896184619,-0.005328661270149304,0.4993604273143112
-0.5522096046513627,0.5090572196876495,-0.10094726959524247,-1.4327300052162255
-0.043472885745893475,0.5146613271592793,0.9430744437646836,2.592458954399542
-0.8604091949444921,-0.5093257761859868,-0.5451455135828147,0.8509422384436325
0.8661813961058304,0.27567394750157415,-0.022934155389593203,2.8804478687677038
1.0,0.7573174183468949,0.04151238054402451,8.356376390741083
-0.3983804787754017,0.2347321663748383,0.9687405732576668,2.0220307203515064
-1.0,0.04778851419603969,-0.5490791931623893,-2.5087560154739337
1.0,-0.12630679050171678,1.0,10.257425367550075
-0.4941995823825083,-1.0,-0.028255319274367086,3.5780862120621375
1.0,-1.0,0.02679126943552701,-7.699265689542714
1.0,-1.0,-1.0,-29.74875045269883
-0.4615846910370869,0.370650377096162,-0.5664107061889452,-1.9233394189772297
-0.6770971454839627,1.0,1.0,16.437092473723478
-0.6962735608984925,-0.3955390642100436,-0.9983748744530296,1.580033413329207
-0.4874852591175918,0.5184253619311623,-0.39905769566510063,-1.0059202002438183
-1.0,0.08499435476646289,0.6307169070631096,-3.7962720074998524
-0.08902461366539671,-1.0,-0.8014654381742643,-7.296172102974726
0.9545328326964984,-0.007831783690896321,-1.0,5.833447635635453
-0.1523675763409158,-1.0,-0.8805807471541074,-9.712603701847506
-0.893821130882408,0.24842289347835744,0.68381714413389,-3.2147571623552187
0.9500728510884722,-0.6278493581725066,0.42413858425707707,1.9993135850174644
0.8222073534244125,0.10636281752043075,1.0,5.464427962014066
-0.42577480802789003,-0.23549419687397544,0.712180911539122,0.6754613440304356
0.350701176982227,0.44368395219816414,-0.6313668654389357,0.15696185602710921
-0.5912776541245925,-0.37455633544741085,1.0,2.026499494438074
0.3155477801967279,0.3297962062417794,-1.0,-2.785267062112959
-0.5087103971572768,0.20464640703529624,-0.8619666731783375,0.11861686307449204
0.15830855080606665,0.06334611619926633,-0.6615338780503335,0.48141966152190685
-0.31693289979882344,-0.4927457385597034,0.7783380173562111,0.4077345644976086
1.0,1.0,-0.26319095220817523,16.72197191892411
-0.33039937103532235,0.9466436044115676,0.46031616722911406,4.775243049265974
-0.4063034625171684,-0.2738105974940779,0.3459345414698016,0.34893213645343935
0.680474096463602,1.0,-0.7497783266032987,13.525246098751799
-0.6141885188100054,-1.0,0.3712719350585352,4.6458694352702254
-0.2788183269463944,0.40645028050999366,1.0,3.3940584202202086
0.7064093767850816,0.14539230803863568,1.0,2.369439414126207
1.0,-0.10738816942216611,-0.10582627058291849,3.7065441584466554
-0.08885607461108536,-1.0,0.19869914611541528,2.3468362856083025
-1.0,0.1171217935487956,0.43934762434869645,-4.470010751574008
0.8012233519893257,-0.4406833510675696,-0.08965607575593504,1.283002807456708
-0.007134990206750569,-0.3769329291138883,-0.6081200187288696,0.8542894103219656
-0.7286424171380599,1.0,1.0,16.150656689983208
-0.007901007758568612,-0.2781934085974207,0.13979540265176782,1.797351111508112
0.09814157342607466,-0.27521334268798436,-0.35269775917686896,1.7586416675418335
-0.8640036334951453,1.0,0.46278463540245096,2.3714888308907733
1.0,-0.6643414852072336,0.13193668032903583,2.937830947691832
-1.0,0.8558536264549013,-0.2950699177432299,4.920217284113662
-1.0,0.2567540082313664,1.0,2.9306410330473516
-0.5630005313892101,-0.8083082079286406,0.10436175207888065,2.8241470525523087
0.391251949046751,0.2564096354625327,-1.0,-3.4953189748125086
-0.6306328844995313,0.2079828132515278,-0.21313725471892053,-1.0919952289685588
-0.956877941624152,-0.8518219552665431,-0.4724655374141691,4.08637213539829
-0.17559496610962744,-0.6108785929053289,0.7215081836699995,0.055998683022786724
0.05585859338429189,-0.07014536559356954,-0.07033227333373548,1.6873193950101029
-1.0,0.5225357616906259,-0.8820301373992661,10.506629409004965
-1.0,-1.0,0.8945076212907881,18.975575166860885
-0.039995751388600675,0.8048993604468477,0.4039348111356613,2.555247393002652
-0.8825887123662588,0.7297228755356666,1.0,8.58176721623505
0.7131655351980868,0.6518775396883898,-0.4848023205513443,1.580620304021703
-0.3305568463944377,-1.0,0.8635613606319741,-1.3562890130601224
-0.13179498474187423,0.6467575830704526,1.0,5.3695907224002255
0.3054756237937717,-0.10639222495616663,-0.17580161031953034,1.2809700359103695
-0.05249499001968583,-0.8310687346893706,0.41829639228613624,1.0727685537061638
-0.6158190402479002,0.3056607500656925,-0.4416317707530588,-1.2006676836223165
-0.2908395355808202,-0.12177156591780114,-0.843755119071852,0.1717454251591629
1.0,0.003992520799609212,-0.6617897297004927,6.486048120281065
0.22781466157409347,0.08929131431480997,0.43626570483065974,0.6769806962014894
0.09191844914221203,-0.03558377249271971,0.4742735060260115,0.5945899170985713
-0.20334037757775136,-1.0,-0.12488921736003444,2.9908281617122654
-0.16822381631645955,0.024441166236237155,-0.9532568341430838,-1.587129991160798
0.49214245892257424,0.8732968543800192,-1.0,-0.39268925436050883
-0.009054141088506107,1.0,-0.39508022890962646,9.781128069461245
-1.0,-0.6874096578640749,1.0,12.765409795179924
-0.41077712938425726,0.1698720726392864,-0.11383664547648076,-1.0524779060693767
-1.0,0.13513722470673395,0.7432336870989091,-2.569362534402989
-1.0,-0.6272523867067885,-1.0,5.08742267405045
0.3244409267375039,1.0,-0.581513223015572,11.028984483112469
0.32264165406507606,-0.31126246000927593,0.8377005482027844,-0.6997548701940004
1.0,-0.12244926412859458,-0.6147068992189837,5.5855870838928245
0.15405903632762952,0.8721489303063044,-0.6102616256326896,5.3510084583914
-0.5108668690281803,0.45935032128691367,-0.5124218703221115,-1.6364808292149107
-0.828532237284936,-0.4240226580882045,-1.0,3.2457067966618256
0.6530265174411167,0.35234689810161246,1.0,4.759192980103682
0.7890020381649203,0.46886627084311927,-0.6495169927414115,2.1507296386281434
0.6505159600055357,0.7599396189719803,0.2632562759083654,3.3868160342936697
-0.7162441047612016,-1.0,-0.882688346012622,-3.6281981327244672
0.7887095084747879,0.30819094014020965,0.7422225248492555,4.6487462686406875
0.5881385355919846,-0.5829481403622221,-1.0,-7.26257922755683
-1.0,-0.830564902470349,0.9474075817980521,15.166811457692962
-0.1251816449160199,-0.5579902685739415,-0.9693700398970428,-4.245434889978788
0.8660228872235969,1.0,0.09424698447378543,9.581717600980618
-1.0,-1.0,0.013923425535944833,7.546059163647586
0.7877931927357191,-1.0,-1.0,-26.546428595902327
-0.5980883136212469,-0.4054411307959451,-0.02140923280038809,0.4812033617665894
-1.0,-0.44996254067073616,1.0,7.419604611183384
-0.8955694009320758,1.0,1.0,16.583653627236757
-1.0,0.18832860671202645,0.5491077163177569,-3.7599635923576464
-0.3262189451501021,0.05742528541944569,-0.16809203212425383,-0.702275985423994
0.6417526993426927,0.3804220216254637,0.769609284355844,3.712410598819897
1.0,-0.8763673264887817,0.08201301632935398,-1.0946783308851733
-0.4815684752097318,-1.0,0.5633056108556769,2.82952595162783
0.7807870173091784,1.0,0.8063455297180222,10.767777779028732
-0.199796764492566,0.8565973632856532,-0.7263515822639555,0.31159170323699037
-0.03377046566525288,-0.27450470314952646,0.02503707281245693,1.0373621637787487
-0.08651500528716238,0.9888648502633735,0.9331465742473952,10.934252203825952
-1.0,-0.06060585867811996,1.0,3.7212500063236575
0.7260060196689613,-0.4738743652957955,-0.3081157209508101,0.7847398487807193
-1.0,0.42610590753527844,-0.44799713130898744,-0.3232889071178975
1.0,0.8816746353736897,-0.2420242081505677,9.398873958294061
-1.0,0.018245413315348014,-0.6150901716957096,-0.1850299445435608
-1.0,0.7710194978297953,0.5983213622342007,-3.2421210961153797
0.5730875099268253,1.0,0.512027168969176,6.611669462616338
-0.2929705257053816,-1.0,-0.13502409794358772,3.4483128951669237
0.08075096906187862,0.7231694065831977,0.023236917849340566,1.0811354389030292
-0.8054814442492397,1.0,0.3890839808563449,3.388656775516734
-0.9902020277871784,-0.29856869344858006,0.5611274614526744,-0.9682315096540905
0.03274898395526771,1.0,1.0,12.582859019499546
1.0,0.59372917527979,-1.0,14.060841228936027
0.09447545113349975,0.9389035082970472,1.0,9.867935753286902
1.0,-0.5560980740546662,-1.0,0.9406114284291903
0.998295446313934,0.6222262691931999,-0.018090397091748978,7.3039627294911424
0.25401967965592087,-0.06122129277556776,0.5156487078248888,0.5685725277615803
0.7736768689831339,-1.0,-0.1809847470532635,-3.2327047267833553
0.31518695072924463,0.8473719792725065,1.0,7.465434196603425
0.4687512668770444,-1.0,1.0,-7.023941416683162
-0.06996964675052286,-0.35294082152391026,0.8996648855784668,0.06391973485646962
1.0,-0.4808715475197638,-0.5246971447503099,4.631653492325226
-0.0687582149804098,0.053730873881522756,-0.41209032567595827,0.9506292877435534
1.0,0.3669889229301604,0.5992947571841378,10.160186103796304
1.0,-0.3777173104555982,0.6067899905461736,5.546192568908554
-0.4864299410702222,0.14305896724317968,0.4244932466946789,-1.0001988109677213
0.9561250562084453,-0.5369843352315957,-1.0,-1.5018219070822882
1.0,-0.6014481575434045,0.34597783303744856,2.8934611426480146
0.40573606861522915,1.0,-0.47699400431764905,10.6786403645093
-0.496763050267399,1.0,-0.8796153218940124,2.4727211667725832
-0.49545956228975063,-0.6254802602887057,0.7301606993617529,0.9914880603081511
0.4258232425242847,1.0,-0.8138973281444934,11.027850622453407
-0.027240354571630432,1.0,1.0,13.837181351023778
0.30314026703024055,-0.1679301318186408,0.8467072468099461,-0.49968570994927375
-0.7273870643593412,0.0782059581704524,0.9393854721615382,2.004691691139503
0.2692049332752531,0.21346753404874064,0.4697715829702773,1.6480278375024109
-0.24004125604149884,1.0,-0.8842015674004566,5.476838576804048
-0.8279855057121126,-0.7356293401748941,-0.6601613972881746,2.035786251718062
0.2038080273077043,-1.0,0.44169138346263837,0.4009954324266712
-0.5888804287115159,1.0,0.5262149762816617,5.501920852294005
0.1310716989673124,-0.8306728113584578,-0.33215228300597666,1.9293143830928432
-0.7310968740879025,-0.030102791487408798,1.0,2.3398472689562215
-0.07696690998734268,1.0,0.3457764086996067,7.324091471926116
0.22409038748787258,-0.42372374875360364,-0.5987575833285925,0.8256484115307478
-0.2904355091079973,0.5685001533367602,-0.2031178868299608,-1.16334396811482
1.0,0.6996174512329063,0.21402602178901287,9.507427001854138
0.0022366447750516993,0.34345184177693233,-0.04293891015595763,0.20660380430986894
-1.0,0.25834072627158533,0.11652731434597352,-5.311593198998564
1.0,-0.134478400232932,0.025387188208976896,4.610725369315953
-0.09143019446552514,0.33346122457622407,0.28638704680615135,-0.18176624187877377
-0.35414073514916966,1.0,-1.0,1.2233637294008624
-0.4490200990407842,1.0,-1.0,0.2625415780858085
0.7973898941862578,1.0,-0.0870783494479832,9.968882302960623
0.5482391384614929,-0.3906422652584589,0.814316763929738,-0.27511138863619866
0.16766859917072918,-1.0,-0.7557255119477835,-6.630777578386357
0.06731000673734266,1.0,0.34745786531144485,7.433714756305747
-0.48350648269382157,0.6085491724007583,-0.8895835815487234,-2.5763651596794213
-1.0,-0.9099480445830364,1.0,19.880419672869497
1.0,-0.9241973178007705,0.7352107244491071,-2.708673888412134
0.24629338138853374,0.1634721662641243,0.891734773136412,0.6940452811459734
-0.8793329070766789,0.3324019804892502,-0.352825883863511,-2.5622036292754453
0.024552327920771777,0.037349687489980576,0.30544686417228384,0.37763706513896195
-0.49502442228125454,0.49323312229105376,1.0,3.9996469284065697
0.9667865090221586,-0.768144480495174,-0.3074098676197783,1.2787772400181225
-0.022429554374912675,0.43052204434413244,0.3391451536442991,0.3970449685617522
-0.2036418135411604,-1.0,-1.0,-15.465655249706241
0.5778634682916002,-0.031299890104848904,0.9679901192695421,-0.19112208646074919
-1.0,0.1339602005711351,-1.0,13.47431914483253
1.0,0.7911352954357385,0.2933639331222029,9.707561307133192
-0.297165536689074,-1.0,0.8934370834990963,-3.5967031477417364
-0.37707998429105394,0.43398966030320385,-1.0,-2.835639095436675
-1.0,0.02576496233838177,0.5524266194775609,-3.9320568011335424
-0.8336710176451552,0.40725249172184697,-0.5163110850096684,-1.1024597165807997
-0.017413905688561826,0.6590951801771818,0.42995048228951904,0.11126868094975373
-0.8655187749925322,-0.12170943078704544,0.7158057705652165,-0.6220137321299435
0.5434242795576494,1.0,-0.3001302341978975,9.759374316736288
-0.4523618466297341,1.0,-0.7849297363903445,4.880502748913065
-0.012368342123523224,-0.4332863969715097,0.3554431461712029,0.0135985545790962
0.6930323144683046,0.6006344776385582,0.2616998841721574,1.9555473127663319
0.7158854442585343,-0.8196863753309471,-1.0,-12.409876923037812
0.32426001465886256,-0.41511913678012813,1.0,-2.914667676773458
0.19080440035665247,-0.0968953815537561,1.0,-0.5378022328358667
-1.0,-0.10539309234468819,-0.7213607986277735,0.05849868726108348
0.15435980325909537,1.0,0.5537126585669514,7.177908559079573
0.29627482614060807,-0.30471710285414755,0.8088236689321489,-0.41589394841537336
